{
  "scifact": {
    "dataset": "scifact",
    "num_queries": 300,
    "num_corpus": 5183,
    "ndcg@10": 0.6779549176288865,
    "recall@5": 0.7437222222222223,
    "map": 0.6305610670194003,
    "latency_p50_ms": 14.458656311035156,
    "latency_p99_ms": 302.1535873413086
  }
}