{
  "scifact": {
    "dataset": "scifact",
    "num_queries": 300,
    "num_corpus": 5183,
    "ndcg@10": 0.7454662063023583,
    "recall@5": 0.8119444444444445,
    "map": 0.7007626984126984,
    "latency_p50_ms": 23.413896560668945,
    "latency_p99_ms": 40.40336608886719
  }
}