{
  "nfcorpus": {
    "dataset": "nfcorpus",
    "num_queries": 323,
    "num_corpus": 3633,
    "ndcg@10": 0.33789199723310226,
    "recall@5": 0.12843649746470462,
    "map": 0.1219336086643621,
    "latency_p50_ms": 672.5878715515137,
    "latency_p99_ms": 1145.8277702331543
  }
}