{
  "scifact": {
    "dataset": "scifact",
    "num_queries": 300,
    "num_corpus": 5183,
    "ndcg@10": 0.7454662063023583,
    "recall@5": 0.8119444444444445,
    "map": 0.7007626984126984,
    "latency_p50_ms": 15.027761459350586,
    "latency_p99_ms": 26.352643966674805
  }
}