{
  "scifact": {
    "dataset": "scifact",
    "num_queries": 300,
    "num_corpus": 5183,
    "ndcg@10": 0.7356189099406981,
    "recall@5": 0.8041666666666667,
    "map": 0.6899939153439153,
    "latency_p50_ms": 16.727209091186523,
    "latency_p99_ms": 27.955055236816406
  }
}