{
  "scifact": {
    "dataset": "scifact",
    "num_queries": 300,
    "num_corpus": 5183,
    "ndcg@10": 0.7303566527516643,
    "recall@5": 0.7801666666666667,
    "map": 0.6878037037037037,
    "latency_p50_ms": 864.6798133850098,
    "latency_p99_ms": 1204.9248218536377
  }
}