{
  "scifact": {
    "dataset": "scifact",
    "num_queries": 300,
    "num_corpus": 5183,
    "ndcg@10": 0.6632770108995427,
    "recall@5": 0.7164444444444444,
    "map": 0.6175232804232804,
    "latency_p50_ms": 451.59387588500977,
    "latency_p99_ms": 688.9767646789551
  }
}